,Students,Group,LGs
1,AVCI Muhsin I,4,12-13-19
2,Brewer Sarah E,2,4-11-22
3,Cappai Francesco,3,5-8-16
4,Chitwood Jessica L,6,6-17-21
5,DuVal Ashley E,5,3-15-20
6,Fang Yang,1,1-9-10
7,Feliefl Mohamed M,5,3-15-20
8,Goyzueta Altamirano Marco David,1,1-9-10
9,Kaur Gurleen,3,5-8-16
10,Khan Jahangir,2,4-11-22
11,Kunwar Sanju,4,12-13-19
12,Li Zhi,6,6-17-21
13,Lin Syuan You,3,5-8-16
14,Lopez Jasmine,2,4-11-22
15,May David B III,5,3-15-20
16,Michael Vincent N,6,6-17-21
17,Nelson Jonathan R,1,1-9-10
18,Norden Elliot Henry,4,12-13-19
19,Sater Haley Marie,5,3-15-20
20,Schneider Matthew Grant,6,6-17-21
21,Shahi Dipendra,3,5-8-16
22,Sims Andrew D,4,12-13-19
23,Wenta Austin J,2,4-11-22
24,Wente Rebecca L,1,1-9-10
25,Xu Jianjian,5,3-15-20
26,Yin Melinda H,6,6-17-21
27,Bizzio,Lorenzo N,2,4-11-22
